{
  "token_acc":1.0,
  "token_p":1.0,
  "token_r":1.0,
  "token_f":1.0,
  "ents_p":0.8521126761,
  "ents_r":0.7707006369,
  "ents_f":0.8093645485,
  "ents_per_type":{
    "INGREDIENT":{
      "p":0.7884615385,
      "r":0.687150838,
      "f":0.7343283582
    },
    "QUANTITY":{
      "p":0.9294117647,
      "r":0.8586956522,
      "f":0.8926553672
    },
    "MEASUREMENT":{
      "p":0.9302325581,
      "r":0.9302325581,
      "f":0.9302325581
    }
  },
  "speed":15811.3756563589
}